Datetime,Water Level (m)
2025-04-22 00:00:00,0.45776868
2025-04-22 01:00:00,0.499319
2025-04-22 02:00:00,0.36027694
2025-04-22 03:00:00,0.14480239
2025-04-22 04:00:00,-0.18448424
2025-04-22 05:00:00,-0.54076546
2025-04-22 06:00:00,-0.8247979
2025-04-22 07:00:00,-0.8994474
2025-04-22 08:00:00,-0.7035431
2025-04-22 09:00:00,-0.36087123
2025-04-22 10:00:00,0.08308464
2025-04-22 11:00:00,0.55082625
2025-04-22 12:00:00,0.9237483
2025-04-22 13:00:00,1.0451475
2025-04-22 14:00:00,0.90326154
2025-04-22 15:00:00,0.6385555
2025-04-22 16:00:00,0.20999727
2025-04-22 17:00:00,-0.31503895
2025-04-22 18:00:00,-0.8377778
2025-04-22 19:00:00,-1.2377596
2025-04-22 20:00:00,-1.3641758
2025-04-22 21:00:00,-1.1385152
2025-04-22 22:00:00,-0.6849123
2025-04-22 23:00:00,-0.088085465
2025-04-23 00:00:00,0.42960572
2025-04-23 01:00:00,0.82631904
2025-04-23 02:00:00,0.9402017
2025-04-23 03:00:00,0.77197206
2025-04-23 04:00:00,0.47759798
2025-04-23 05:00:00,0.045384616
2025-04-23 06:00:00,-0.44014066
2025-04-23 07:00:00,-0.89909935
2025-04-23 08:00:00,-1.1412212
2025-04-23 09:00:00,-1.0176185
2025-04-23 10:00:00,-0.6094802
2025-04-23 11:00:00,-0.014507836
2025-04-23 12:00:00,0.6127449
2025-04-23 13:00:00,1.0968776
2025-04-23 14:00:00,1.3067652
2025-04-23 15:00:00,1.1789342
2025-04-23 16:00:00,0.8383232
2025-04-23 17:00:00,0.33725202
2025-04-23 18:00:00,-0.2990814
2025-04-23 19:00:00,-0.9328865
2025-04-23 20:00:00,-1.4151782
2025-04-23 21:00:00,-1.5549538
2025-04-23 22:00:00,-1.2162064
2025-04-23 23:00:00,-0.60844344
2025-04-24 00:00:00,0.14101252
2025-04-24 01:00:00,0.76637083
2025-04-24 02:00:00,1.2172148
2025-04-24 03:00:00,1.334749
2025-04-24 04:00:00,1.0962363
2025-04-24 05:00:00,0.68505806
2025-04-24 06:00:00,0.08331973
2025-04-24 07:00:00,-0.5783906
2025-04-24 08:00:00,-1.1755049
2025-04-24 09:00:00,-1.4962581
2025-04-24 10:00:00,-1.3207402
2025-04-24 11:00:00,-0.7182667
2025-04-24 12:00:00,0.06041228
2025-04-24 13:00:00,0.8068262
2025-04-24 14:00:00,1.3517449
2025-04-24 15:00:00,1.5615268
2025-04-24 16:00:00,1.3368835
2025-04-24 17:00:00,0.8750543
2025-04-24 18:00:00,0.23451293
2025-04-24 19:00:00,-0.4925004
2025-04-24 20:00:00,-1.2043884
2025-04-24 21:00:00,-1.7350796
2025-04-24 22:00:00,-1.868859
2025-04-24 23:00:00,-1.301016
2025-04-25 00:00:00,-0.43113256
2025-04-25 01:00:00,0.4815737
2025-04-25 02:00:00,1.167109
2025-04-25 03:00:00,1.6185524
2025-04-25 04:00:00,1.623245
2025-04-25 05:00:00,1.2406404
2025-04-25 06:00:00,0.67879665
2025-04-25 07:00:00,-0.06495018
2025-04-25 08:00:00,-0.83021146
2025-04-25 09:00:00,-1.4988744
2025-04-25 10:00:00,-1.8320647
2025-04-25 11:00:00,-1.5135446
2025-04-25 12:00:00,-0.67358094
2025-04-25 13:00:00,0.27345946
2025-04-25 14:00:00,1.0440828
2025-04-25 15:00:00,1.5758917
2025-04-25 16:00:00,1.7173208
2025-04-25 17:00:00,1.3586429
2025-04-25 18:00:00,0.7716284
2025-04-25 19:00:00,-0.025488636
2025-04-25 20:00:00,-0.8449386
2025-04-25 21:00:00,-1.6059635
2025-04-25 22:00:00,-2.1203191
2025-04-25 23:00:00,-2.0281975
2025-04-26 00:00:00,-1.1384419
2025-04-26 01:00:00,-0.081596285
2025-04-26 02:00:00,0.8563593
2025-04-26 03:00:00,1.5854025
2025-04-26 04:00:00,1.9751289
2025-04-26 05:00:00,1.809484
2025-04-26 06:00:00,1.3036999
2025-04-26 07:00:00,0.5621092
2025-04-26 08:00:00,-0.30748868
2025-04-26 09:00:00,-1.1599433
2025-04-26 10:00:00,-1.8494291
2025-04-26 11:00:00,-2.1254818
2025-04-26 12:00:00,-1.5117211
2025-04-26 13:00:00,-0.46841174
2025-04-26 14:00:00,0.5463198
2025-04-26 15:00:00,1.3022822
2025-04-26 16:00:00,1.794564
2025-04-26 17:00:00,1.786649
2025-04-26 18:00:00,1.2656505
2025-04-26 19:00:00,0.5456361
2025-04-26 20:00:00,-0.33779937
2025-04-26 21:00:00,-1.2079349
2025-04-26 22:00:00,-1.9642266
2025-04-26 23:00:00,-2.395307
2025-04-27 00:00:00,-1.9332459
2025-04-27 01:00:00,-0.814891
2025-04-27 02:00:00,0.3147654
2025-04-27 03:00:00,1.2227995
2025-04-27 04:00:00,1.9252057
2025-04-27 05:00:00,2.1521487
2025-04-27 06:00:00,1.8154883
2025-04-27 07:00:00,1.207808
2025-04-27 08:00:00,0.31784537
2025-04-27 09:00:00,-0.60487735
2025-04-27 10:00:00,-1.479989
2025-04-27 11:00:00,-2.1259396
2025-04-27 12:00:00,-2.236208
2025-04-27 13:00:00,-1.32292
2025-04-27 14:00:00,-0.18176001
2025-04-27 15:00:00,0.82509464
2025-04-27 16:00:00,1.5620692
2025-04-27 17:00:00,1.9476779
2025-04-27 18:00:00,1.6978176
2025-04-27 19:00:00,1.0770433
2025-04-27 20:00:00,0.22521585
2025-04-27 21:00:00,-0.6859256
2025-04-27 22:00:00,-1.5540413
2025-04-27 23:00:00,-2.2535243
2025-04-28 00:00:00,-2.5085325
